"Photos carr√©es";Photos
1-square.jpg;1-fullsize.jpg
422-square.jpg;422-fullsize.jpg
446-square.jpg;446-fullsize.jpg
426-square.jpg;426-fullsize.jpg
9010-square.jpg;9010-fullsize.jpg
DSC05972-square.JPG;DSC05972-fullsize.JPG
444-square.jpg;444-fullsize.jpg
9009-square.jpg;9009-fullsize.jpg
435-square.jpg;435-fullsize.jpg
439-square.jpg;439-fullsize.jpg
433-square.jpg;433-fullsize.jpg
DSC05991-square.JPG;DSC05991-fullsize.JPG
DSC05940-square.JPG;DSC05940-fullsize.JPG
447-square.jpg;447-fullsize.jpg
DSC05973-square.JPG;DSC05973-fullsize.JPG
5-square.jpg;5-fullsize.jpg
434-square.jpg;434-fullsize.jpg
DSC05962-square.JPG;DSC05962-fullsize.JPG
423-square.jpg;423-fullsize.jpg
437-square.jpg;437-fullsize.jpg
DSC05971-square.JPG;DSC05971-fullsize.JPG
DSC05934-square.JPG;DSC05934-fullsize.JPG
DSC05941-square.JPG;DSC05941-fullsize.JPG
DSC05975-square.JPG;DSC05975-fullsize.JPG
DSC05943-square.JPG;DSC05943-fullsize.JPG
438-square.jpg;438-fullsize.jpg
DSC05935-square.JPG;DSC05935-fullsize.JPG
442-square.jpg;442-fullsize.jpg
9012-square.jpg;9012-fullsize.jpg
DSC05933-square.JPG;DSC05933-fullsize.JPG
DSC05942-square.JPG;DSC05942-fullsize.JPG
DSC05950-square.JPG;DSC05950-fullsize.JPG
DSC05992-square.JPG;DSC05992-fullsize.JPG
DSC05938-square.JPG;DSC05938-fullsize.JPG
2-square.jpg;2-fullsize.jpg
DSC05944-square.JPG;DSC05944-fullsize.JPG
424-square.jpg;424-fullsize.jpg
4-square.jpg;4-fullsize.jpg
3-square.jpg;3-fullsize.jpg
